Filename,Format,Size,Created,Modified,Accessed,Parsed Date/Time,Formatted Date
image_469.jpg,JPEG,"(3840, 2160)",2025-06-27 14:34:45.820136,2024-12-17 14:38:10,2025-06-28 19:06:19.411240,,
image_032.jpg,JPEG,"(3840, 2160)",2025-06-27 14:34:45.268136,2024-12-17 14:38:40,2025-06-28 19:06:19.419240,,
image_101.jpg,JPEG,"(3840, 2160)",2025-06-27 14:34:45.448136,2024-12-17 14:38:33,2025-06-28 19:06:19.419240,,
image_213.jpg,JPEG,"(3840, 2160)",2025-06-27 14:34:45.576136,2024-12-17 14:38:29,2025-06-28 19:06:19.419240,,
image_544.jpg,JPEG,"(3840, 2160)",2025-06-27 14:34:46.124136,2024-12-17 14:38:06,2025-06-28 19:06:19.419240,,
image_152.jpg,JPEG,"(3840, 2160)",2025-06-27 14:34:45.512136,2024-12-17 14:38:32,2025-06-28 19:06:19.419240,,
image_495.jpg,JPEG,"(3840, 2160)",2025-06-27 14:34:45.916136,2024-12-17 14:38:08,2025-06-28 19:06:19.419240,,
image_370.jpg,JPEG,"(3840, 2160)",2025-06-27 14:34:45.728136,2024-12-17 14:38:15,2025-06-28 19:06:19.419240,,
image_073.jpg,JPEG,"(3840, 2160)",2025-06-27 14:34:45.376136,2024-12-17 14:38:39,2025-06-28 19:06:19.419240,,
image_433.jpg,JPEG,"(3840, 2160)",2025-06-27 14:34:45.780136,2024-12-17 14:38:10,2025-06-28 19:06:19.419240,,
image_542.jpg,JPEG,"(3840, 2160)",2025-06-27 14:34:46.116136,2024-12-17 14:38:04,2025-06-28 19:06:19.419240,,
image_413.jpg,JPEG,"(3840, 2160)",2025-06-27 14:34:45.752136,2024-12-17 14:38:12,2025-06-28 19:06:19.419240,,
image_540.jpg,JPEG,"(3840, 2160)",2025-06-27 14:34:46.104136,2024-12-17 14:38:06,2025-06-28 19:06:19.423240,,
image_633.jpg,JPEG,"(3840, 2160)",2025-06-27 14:34:46.388136,2024-12-17 14:37:59,2025-06-28 19:06:19.423240,,
image_145.jpg,JPEG,"(3840, 2160)",2025-06-27 14:34:45.488136,2024-12-17 14:38:30,2025-06-28 19:06:19.423240,,
image_499.jpg,JPEG,"(3840, 2160)",2025-06-27 14:34:45.932136,2024-12-17 14:38:08,2025-06-28 19:06:19.423240,,
image_514.jpg,JPEG,"(3840, 2160)",2025-06-27 14:34:45.996136,2024-12-17 14:38:07,2025-06-28 19:06:19.423240,,
image_582.jpg,JPEG,"(3840, 2160)",2025-06-27 14:34:46.292136,2024-12-17 14:38:01,2025-06-28 19:06:19.423240,,
image_556.jpg,JPEG,"(3840, 2160)",2025-06-27 14:34:46.184136,2024-12-17 14:38:03,2025-06-28 19:06:19.423240,,
image_060.jpg,JPEG,"(3840, 2160)",2025-06-27 14:34:45.324136,2024-12-17 14:38:39,2025-06-28 19:06:19.423240,,
image_221.jpg,JPEG,"(3840, 2160)",2025-06-27 14:34:45.588136,2024-12-17 14:38:25,2025-06-28 19:06:19.423240,,
image_317.jpg,JPEG,"(3840, 2160)",2025-06-27 14:34:45.652136,2024-12-17 14:38:20,2025-06-28 19:06:19.423240,,
image_068.jpg,JPEG,"(3840, 2160)",2025-06-27 14:34:45.356136,2024-12-17 14:38:40,2025-06-28 19:06:19.423240,,
image_578.jpg,JPEG,"(3840, 2160)",2025-06-27 14:34:46.276136,2024-12-17 14:38:01,2025-06-28 19:06:19.423240,,
image_328.jpg,JPEG,"(3840, 2160)",2025-06-27 14:34:45.668136,2024-12-17 14:38:20,2025-06-28 19:06:19.423240,,
image_205.jpg,JPEG,"(3840, 2160)",2025-06-27 14:34:45.560136,2024-12-17 14:38:30,2025-06-28 19:06:19.423240,,
image_570.jpg,JPEG,"(3840, 2160)",2025-06-27 14:34:46.240136,2024-12-17 14:38:03,2025-06-28 19:06:19.423240,,
image_212.jpg,JPEG,"(3840, 2160)",2025-06-27 14:34:45.572136,2024-12-17 14:38:29,2025-06-28 19:06:19.423240,,
image_050.jpg,JPEG,"(3840, 2160)",2025-06-27 14:34:45.292136,2024-12-17 14:38:39,2025-06-28 19:06:19.423240,,
image_015.jpg,JPEG,"(3840, 2160)",2025-06-27 14:34:45.260136,2024-12-17 14:38:40,2025-06-28 19:06:19.427240,,
image_536.jpg,JPEG,"(3840, 2160)",2025-06-27 14:34:46.084136,2024-12-17 14:38:06,2025-06-28 19:06:19.427240,,
image_589.jpg,JPEG,"(3840, 2160)",2025-06-27 14:34:46.320136,2024-12-17 14:38:00,2025-06-28 19:06:19.427240,,
image_562.jpg,JPEG,"(3840, 2160)",2025-06-27 14:34:46.208136,2024-12-17 14:38:05,2025-06-28 19:06:19.427240,,
image_543.jpg,JPEG,"(3840, 2160)",2025-06-27 14:34:46.120136,2024-12-17 14:38:04,2025-06-28 19:06:19.427240,,
image_477.jpg,JPEG,"(3840, 2160)",2025-06-27 14:34:45.844136,2024-12-17 14:38:09,2025-06-28 19:06:19.427240,,
image_367.jpg,JPEG,"(3840, 2160)",2025-06-27 14:34:45.720136,2024-12-17 14:38:15,2025-06-28 19:06:19.427240,,
image_107.jpg,JPEG,"(3840, 2160)",2025-06-27 14:34:45.460136,2024-12-17 14:38:32,2025-06-28 19:06:19.427240,,
image_064.jpg,JPEG,"(3840, 2160)",2025-06-27 14:34:45.340136,2024-12-17 14:38:39,2025-06-28 19:06:19.427240,,
image_537.jpg,JPEG,"(3840, 2160)",2025-06-27 14:34:46.088136,2024-12-17 14:38:06,2025-06-28 19:06:19.427240,,
image_488.jpg,JPEG,"(3840, 2160)",2025-06-27 14:34:45.888136,2024-12-17 14:38:08,2025-06-28 19:06:19.427240,,
image_103.jpg,JPEG,"(3840, 2160)",2025-06-27 14:34:45.452136,2024-12-17 14:38:38,2025-06-28 19:06:19.427240,,
image_501.jpg,JPEG,"(3840, 2160)",2025-06-27 14:34:45.940136,2024-12-17 14:38:12,2025-06-28 19:06:19.427240,,
image_593.jpg,JPEG,"(3840, 2160)",2025-06-27 14:34:46.332136,2024-12-17 14:38:00,2025-06-28 19:06:19.427240,,
image_186.jpg,JPEG,"(3840, 2160)",2025-06-27 14:34:45.524136,2024-12-17 14:38:27,2025-06-28 19:06:19.427240,,
image_490.jpg,JPEG,"(3840, 2160)",2025-06-27 14:34:45.896136,2024-12-17 14:38:08,2025-06-28 19:06:19.427240,,
image_013.jpg,JPEG,"(3840, 2160)",2025-06-27 14:34:45.252136,2024-12-17 14:38:42,2025-06-28 19:06:19.431240,,
image_274.jpg,JPEG,"(3840, 2160)",2025-06-27 14:34:45.624136,2024-12-17 14:38:24,2025-06-28 19:06:19.431240,,
image_150.jpg,JPEG,"(3840, 2160)",2025-06-27 14:34:45.504136,2024-12-17 14:38:32,2025-06-28 19:06:19.431240,,
image_066.jpg,JPEG,"(3840, 2160)",2025-06-27 14:34:45.348136,2024-12-17 14:38:39,2025-06-28 19:06:19.431240,,
image_105.jpg,JPEG,"(3840, 2160)",2025-06-27 14:34:45.456136,2024-12-17 14:38:33,2025-06-28 19:06:19.431240,,
image_594.jpg,JPEG,"(3840, 2160)",2025-06-27 14:34:46.336136,2024-12-17 14:38:00,2025-06-28 19:06:19.431240,,
image_222.jpg,JPEG,"(3840, 2160)",2025-06-27 14:34:45.592136,2024-12-17 14:38:26,2025-06-28 19:06:19.431240,,
image_493.jpg,JPEG,"(3840, 2160)",2025-06-27 14:34:45.908136,2024-12-17 14:38:08,2025-06-28 19:06:19.431240,,
image_065.jpg,JPEG,"(3840, 2160)",2025-06-27 14:34:45.344136,2024-12-17 14:38:39,2025-06-28 19:06:19.431240,,
image_586.jpg,JPEG,"(3840, 2160)",2025-06-27 14:34:46.308136,2024-12-17 14:38:03,2025-06-28 19:06:19.431240,,
image_516.jpg,JPEG,"(3840, 2160)",2025-06-27 14:34:46.004136,2024-12-17 14:38:07,2025-06-28 19:06:19.431240,,
image_525.jpg,JPEG,"(3840, 2160)",2025-06-27 14:34:46.044136,2024-12-17 14:38:06,2025-06-28 19:06:19.431240,,
image_533.jpg,JPEG,"(3840, 2160)",2025-06-27 14:34:46.072136,2024-12-17 14:38:04,2025-06-28 19:06:19.431240,,
image_435.jpg,JPEG,"(3840, 2160)",2025-06-27 14:34:45.788136,2024-12-17 14:38:15,2025-06-28 19:06:19.431240,,
image_033.jpg,JPEG,"(3840, 2160)",2025-06-27 14:34:45.272136,2024-12-17 14:38:40,2025-06-28 19:06:19.435240,,
image_192.jpg,JPEG,"(3840, 2160)",2025-06-27 14:34:45.544136,2024-12-17 14:38:30,2025-06-28 19:06:19.435240,,
image_534.jpg,JPEG,"(3840, 2160)",2025-06-27 14:34:46.076136,2024-12-17 14:38:07,2025-06-28 19:06:19.435240,,
image_494.jpg,JPEG,"(3840, 2160)",2025-06-27 14:34:45.912136,2024-12-17 14:38:08,2025-06-28 19:06:19.435240,,
image_421.jpg,JPEG,"(3840, 2160)",2025-06-27 14:34:45.760136,2024-12-17 14:38:12,2025-06-28 19:06:19.435240,,
image_568.jpg,JPEG,"(3840, 2160)",2025-06-27 14:34:46.232136,2024-12-17 14:38:02,2025-06-28 19:06:19.435240,,
image_632.jpg,JPEG,"(3840, 2160)",2025-06-27 14:34:46.384136,2024-12-17 14:37:59,2025-06-28 19:06:19.435240,,
image_560.jpg,JPEG,"(3840, 2160)",2025-06-27 14:34:46.200136,2024-12-17 14:38:03,2025-06-28 19:06:19.435240,,
image_547.jpg,JPEG,"(3840, 2160)",2025-06-27 14:34:46.140136,2024-12-17 14:38:04,2025-06-28 19:06:19.435240,,
image_214.jpg,JPEG,"(3840, 2160)",2025-06-27 14:34:45.576136,2024-12-17 14:38:25,2025-06-28 19:06:19.435240,,
image_523.jpg,JPEG,"(3840, 2160)",2025-06-27 14:34:46.036136,2024-12-17 14:38:07,2025-06-28 19:06:19.435240,,
image_343.jpg,JPEG,"(3840, 2160)",2025-06-27 14:34:45.692136,2024-12-17 14:38:20,2025-06-28 19:06:19.435240,,
image_110.jpg,JPEG,"(3840, 2160)",2025-06-27 14:34:45.472136,2024-12-17 14:38:32,2025-06-28 19:06:19.435240,,
image_520.jpg,JPEG,"(3840, 2160)",2025-06-27 14:34:46.020136,2024-12-17 14:38:06,2025-06-28 19:06:19.435240,,
image_404.jpg,JPEG,"(3840, 2160)",2025-06-27 14:34:45.744136,2024-12-17 14:38:13,2025-06-28 19:06:19.435240,,
image_566.jpg,JPEG,"(3840, 2160)",2025-06-27 14:34:46.224136,2024-12-17 14:38:02,2025-06-28 19:06:19.439240,,
image_510.jpg,JPEG,"(3840, 2160)",2025-06-27 14:34:45.980136,2024-12-17 14:38:07,2025-06-28 19:06:19.439240,,
image_508.jpg,JPEG,"(3840, 2160)",2025-06-27 14:34:45.972136,2024-12-17 14:38:07,2025-06-28 19:06:19.439240,,
image_558.jpg,JPEG,"(3840, 2160)",2025-06-27 14:34:46.192136,2024-12-17 14:38:04,2025-06-28 19:06:19.439240,,
image_567.jpg,JPEG,"(3840, 2160)",2025-06-27 14:34:46.228136,2024-12-17 14:38:01,2025-06-28 19:06:19.439240,,
image_504.jpg,JPEG,"(3840, 2160)",2025-06-27 14:34:45.956136,2024-12-17 14:38:08,2025-06-28 19:06:19.439240,,
image_512.jpg,JPEG,"(3840, 2160)",2025-06-27 14:34:45.988136,2024-12-17 14:38:07,2025-06-28 19:06:19.439240,,
image_402.jpg,JPEG,"(3840, 2160)",2025-06-27 14:34:45.740136,2024-12-17 14:38:15,2025-06-28 19:06:19.439240,,
image_489.jpg,JPEG,"(3840, 2160)",2025-06-27 14:34:45.892136,2024-12-17 14:38:09,2025-06-28 19:06:19.439240,,
image_571.jpg,JPEG,"(3840, 2160)",2025-06-27 14:34:46.244136,2024-12-17 14:38:01,2025-06-28 19:06:19.439240,,
image_190.jpg,JPEG,"(3840, 2160)",2025-06-27 14:34:45.540136,2024-12-17 14:38:29,2025-06-28 19:06:19.439240,,
image_576.jpg,JPEG,"(3840, 2160)",2025-06-27 14:34:46.264136,2024-12-17 14:38:06,2025-06-28 19:06:19.439240,,
image_522.jpg,JPEG,"(3840, 2160)",2025-06-27 14:34:46.028136,2024-12-17 14:38:07,2025-06-28 19:06:19.439240,,
image_513.jpg,JPEG,"(3840, 2160)",2025-06-27 14:34:45.992136,2024-12-17 14:38:07,2025-06-28 19:06:19.439240,,
image_056.jpg,JPEG,"(3840, 2160)",2025-06-27 14:34:45.308136,2024-12-17 14:38:39,2025-06-28 19:06:19.443240,,
image_585.jpg,JPEG,"(3840, 2160)",2025-06-27 14:34:46.304136,2024-12-17 14:38:00,2025-06-28 19:06:19.443240,,
image_036.jpg,JPEG,"(3840, 2160)",2025-06-27 14:34:45.280136,2024-12-17 14:38:40,2025-06-28 19:06:19.443240,,
image_016.jpg,JPEG,"(3840, 2160)",2025-06-27 14:34:45.264136,2024-12-17 14:38:40,2025-06-28 19:06:19.443240,,
image_635.jpg,JPEG,"(3840, 2160)",2025-06-27 14:34:46.396136,2024-12-17 14:37:59,2025-06-28 19:06:19.443240,,
image_550.jpg,JPEG,"(3840, 2160)",2025-06-27 14:34:46.152136,2024-12-17 14:38:04,2025-06-28 19:06:19.443240,,
image_437.jpg,JPEG,"(3840, 2160)",2025-06-27 14:34:45.800136,2024-12-17 14:38:12,2025-06-28 19:06:19.443240,,
image_331.jpg,JPEG,"(3840, 2160)",2025-06-27 14:34:45.676136,2024-12-17 14:38:20,2025-06-28 19:06:19.443240,,
image_480.jpg,JPEG,"(3840, 2160)",2025-06-27 14:34:45.856136,2024-12-17 14:38:09,2025-06-28 19:06:19.443240,,
image_579.jpg,JPEG,"(3840, 2160)",2025-06-27 14:34:46.280136,2024-12-17 14:38:00,2025-06-28 19:06:19.443240,,
image_325.jpg,JPEG,"(3840, 2160)",2025-06-27 14:34:45.660136,2024-12-17 14:38:20,2025-06-28 19:06:19.443240,,
image_636.jpg,JPEG,"(3840, 2160)",2025-06-27 14:34:46.400136,2024-12-17 14:37:59,2025-06-28 19:06:19.443240,,
image_486.jpg,JPEG,"(3840, 2160)",2025-06-27 14:34:45.880136,2024-12-17 14:38:08,2025-06-28 19:06:19.443240,,
image_012.jpg,JPEG,"(3840, 2160)",2025-06-27 14:34:45.240136,2024-12-17 14:38:42,2025-06-28 19:06:19.443240,,
image_268.jpg,JPEG,"(3840, 2160)",2025-06-27 14:34:45.604136,2024-12-17 14:38:24,2025-06-28 19:06:19.443240,,
image_574.jpg,JPEG,"(3840, 2160)",2025-06-27 14:34:46.256136,2024-12-17 14:38:01,2025-06-28 19:06:19.443240,,
image_272.jpg,JPEG,"(3840, 2160)",2025-06-27 14:34:45.620136,2024-12-17 14:38:24,2025-06-28 19:06:19.443240,,
image_332.jpg,JPEG,"(3840, 2160)",2025-06-27 14:34:45.680136,2024-12-17 14:38:20,2025-06-28 19:06:19.443240,,
image_483.jpg,JPEG,"(3840, 2160)",2025-06-27 14:34:45.868136,2024-12-17 14:38:08,2025-06-28 19:06:19.447240,,
image_468.jpg,JPEG,"(3840, 2160)",2025-06-27 14:34:45.816136,2024-12-17 14:38:08,2025-06-28 19:06:19.447240,,
image_080.jpg,JPEG,"(3840, 2160)",2025-06-27 14:34:45.404136,2024-12-17 14:38:38,2025-06-28 19:06:19.447240,,
image_527.jpg,JPEG,"(3840, 2160)",2025-06-27 14:34:46.052136,2024-12-17 14:38:07,2025-06-28 19:06:19.447240,,
image_434.jpg,JPEG,"(3840, 2160)",2025-06-27 14:34:45.784136,2024-12-17 14:38:12,2025-06-28 19:06:19.447240,,
image_436.jpg,JPEG,"(3840, 2160)",2025-06-27 14:34:45.796136,2024-12-17 14:38:10,2025-06-28 19:06:19.447240,,
image_075.jpg,JPEG,"(3840, 2160)",2025-06-27 14:34:45.384136,2024-12-17 14:38:39,2025-06-28 19:06:19.447240,,
image_481.jpg,JPEG,"(3840, 2160)",2025-06-27 14:34:45.860136,2024-12-17 14:38:08,2025-06-28 19:06:19.447240,,
image_270.jpg,JPEG,"(3840, 2160)",2025-06-27 14:34:45.612136,2024-12-17 14:38:25,2025-06-28 19:06:19.447240,,
image_479.jpg,JPEG,"(3840, 2160)",2025-06-27 14:34:45.852136,2024-12-17 14:38:09,2025-06-28 19:06:19.447240,,
image_528.jpg,JPEG,"(3840, 2160)",2025-06-27 14:34:46.056136,2024-12-17 14:38:04,2025-06-28 19:06:19.447240,,
image_349.jpg,JPEG,"(3840, 2160)",2025-06-27 14:34:45.712136,2024-12-17 14:38:20,2025-06-28 19:06:19.447240,,
image_092.jpg,JPEG,"(3840, 2160)",2025-06-27 14:34:45.412136,2024-12-17 14:38:37,2025-06-28 19:06:19.447240,,
image_096.jpg,JPEG,"(3840, 2160)",2025-06-27 14:34:45.428136,2024-12-17 14:38:33,2025-06-28 19:06:19.447240,,
image_611.jpg,JPEG,"(3840, 2160)",2025-06-27 14:34:46.344136,2024-12-17 14:38:00,2025-06-28 19:06:19.447240,,
image_545.jpg,JPEG,"(3840, 2160)",2025-06-27 14:34:46.128136,2024-12-17 14:38:04,2025-06-28 19:06:19.447240,,
image_095.jpg,JPEG,"(3840, 2160)",2025-06-27 14:34:45.424136,2024-12-17 14:38:37,2025-06-28 19:06:19.447240,,
image_553.jpg,JPEG,"(3840, 2160)",2025-06-27 14:34:46.168136,2024-12-17 14:38:03,2025-06-28 19:06:19.447240,,
image_518.jpg,JPEG,"(3840, 2160)",2025-06-27 14:34:46.012136,2024-12-17 14:38:06,2025-06-28 19:06:19.451240,,
image_634.jpg,JPEG,"(3840, 2160)",2025-06-27 14:34:46.392136,2024-12-17 14:38:00,2025-06-28 19:06:19.451240,,
image_610.jpg,JPEG,"(3840, 2160)",2025-06-27 14:34:46.340136,2024-12-17 14:38:00,2025-06-28 19:06:19.451240,,
image_053.jpg,JPEG,"(3840, 2160)",2025-06-27 14:34:45.300136,2024-12-17 14:38:40,2025-06-28 19:06:19.451240,,
image_149.jpg,JPEG,"(3840, 2160)",2025-06-27 14:34:45.500136,2024-12-17 14:38:32,2025-06-28 19:06:19.451240,,
image_478.jpg,JPEG,"(3840, 2160)",2025-06-27 14:34:45.848136,2024-12-17 14:38:09,2025-06-28 19:06:19.451240,,
image_538.jpg,JPEG,"(3840, 2160)",2025-06-27 14:34:46.096136,2024-12-17 14:38:04,2025-06-28 19:06:19.451240,,
image_617.jpg,JPEG,"(3840, 2160)",2025-06-27 14:34:46.368136,2024-12-17 14:38:00,2025-06-28 19:06:19.451240,,
image_572.jpg,JPEG,"(3840, 2160)",2025-06-27 14:34:46.248136,2024-12-17 14:38:03,2025-06-28 19:06:19.451240,,
image_181.jpg,JPEG,"(3840, 2160)",2025-06-27 14:34:45.516136,2024-12-17 14:38:30,2025-06-28 19:06:19.451240,,
image_484.jpg,JPEG,"(3840, 2160)",2025-06-27 14:34:45.868136,2024-12-17 14:38:08,2025-06-28 19:06:19.451240,,
image_093.jpg,JPEG,"(3840, 2160)",2025-06-27 14:34:45.416136,2024-12-17 14:38:38,2025-06-28 19:06:19.451240,,
image_502.jpg,JPEG,"(3840, 2160)",2025-06-27 14:34:45.944136,2024-12-17 14:38:08,2025-06-28 19:06:19.451240,,
image_144.jpg,JPEG,"(3840, 2160)",2025-06-27 14:34:45.484136,2024-12-17 14:38:31,2025-06-28 19:06:19.451240,,
image_094.jpg,JPEG,"(3840, 2160)",2025-06-27 14:34:45.420136,2024-12-17 14:38:38,2025-06-28 19:06:19.451240,,
image_081.jpg,JPEG,"(3840, 2160)",2025-06-27 14:34:45.408136,2024-12-17 14:38:39,2025-06-28 19:06:19.451240,,
image_327.jpg,JPEG,"(3840, 2160)",2025-06-27 14:34:45.664136,2024-12-17 14:38:19,2025-06-28 19:06:19.455240,,
image_431.jpg,JPEG,"(3840, 2160)",2025-06-27 14:34:45.772136,2024-12-17 14:38:12,2025-06-28 19:06:19.455240,,
image_372.jpg,JPEG,"(3840, 2160)",2025-06-27 14:34:45.732136,2024-12-17 14:38:17,2025-06-28 19:06:19.455240,,
image_519.jpg,JPEG,"(3840, 2160)",2025-06-27 14:34:46.016136,2024-12-17 14:38:04,2025-06-28 19:06:19.455240,,
image_121.jpg,JPEG,"(3840, 2160)",2025-06-27 14:34:45.480136,2024-12-17 14:38:32,2025-06-28 19:06:19.455240,,
image_188.jpg,JPEG,"(3840, 2160)",2025-06-27 14:34:45.532136,2024-12-17 14:38:31,2025-06-28 19:06:19.455240,,
image_072.jpg,JPEG,"(3840, 2160)",2025-06-27 14:34:45.372136,2024-12-17 14:38:38,2025-06-28 19:06:19.455240,,
image_430.jpg,JPEG,"(3840, 2160)",2025-06-27 14:34:45.768136,2024-12-17 14:38:12,2025-06-28 19:06:19.455240,,
image_203.jpg,JPEG,"(3840, 2160)",2025-06-27 14:34:45.556136,2024-12-17 14:38:27,2025-06-28 19:06:19.455240,,
image_503.jpg,JPEG,"(3840, 2160)",2025-06-27 14:34:45.948136,2024-12-17 14:38:08,2025-06-28 19:06:19.455240,,
image_539.jpg,JPEG,"(3840, 2160)",2025-06-27 14:34:46.100136,2024-12-17 14:38:08,2025-06-28 19:06:19.455240,,
image_583.jpg,JPEG,"(3840, 2160)",2025-06-27 14:34:46.296136,2024-12-17 14:38:01,2025-06-28 19:06:19.455240,,
image_047.jpg,JPEG,"(3840, 2160)",2025-06-27 14:34:45.284136,2024-12-17 14:38:39,2025-06-28 19:06:19.455240,,
image_573.jpg,JPEG,"(3840, 2160)",2025-06-27 14:34:46.252136,2024-12-17 14:38:01,2025-06-28 19:06:19.455240,,
image_559.jpg,JPEG,"(3840, 2160)",2025-06-27 14:34:46.196136,2024-12-17 14:38:04,2025-06-28 19:06:19.459240,,
image_052.jpg,JPEG,"(3840, 2160)",2025-06-27 14:34:45.296136,2024-12-17 14:38:40,2025-06-28 19:06:19.459240,,
image_472.jpg,JPEG,"(3840, 2160)",2025-06-27 14:34:45.832136,2024-12-17 14:38:08,2025-06-28 19:06:19.459240,,
image_076.jpg,JPEG,"(3840, 2160)",2025-06-27 14:34:45.388136,2024-12-17 14:38:39,2025-06-28 19:06:19.459240,,
image_302.jpg,JPEG,"(3840, 2160)",2025-06-27 14:34:45.636136,2024-12-17 14:38:21,2025-06-28 19:06:19.459240,,
image_330.jpg,JPEG,"(3840, 2160)",2025-06-27 14:34:45.672136,2024-12-17 14:38:20,2025-06-28 19:06:19.459240,,
image_320.jpg,JPEG,"(3840, 2160)",2025-06-27 14:34:45.656136,2024-12-17 14:38:21,2025-06-28 19:06:19.459240,,
image_100.jpg,JPEG,"(3840, 2160)",2025-06-27 14:34:45.444136,2024-12-17 14:38:37,2025-06-28 19:06:19.459240,,
image_487.jpg,JPEG,"(3840, 2160)",2025-06-27 14:34:45.884136,2024-12-17 14:38:08,2025-06-28 19:06:19.459240,,
image_077.jpg,JPEG,"(3840, 2160)",2025-06-27 14:34:45.392136,2024-12-17 14:38:37,2025-06-28 19:06:19.459240,,
image_557.jpg,JPEG,"(3840, 2160)",2025-06-27 14:34:46.188136,2024-12-17 14:38:03,2025-06-28 19:06:19.459240,,
image_290.jpg,JPEG,"(3840, 2160)",2025-06-27 14:34:45.628136,2024-12-17 14:38:21,2025-06-28 19:06:19.459240,,
image_369.jpg,JPEG,"(3840, 2160)",2025-06-27 14:34:45.724136,2024-12-17 14:38:14,2025-06-28 19:06:19.459240,,
image_476.jpg,JPEG,"(3840, 2160)",2025-06-27 14:34:45.836136,2024-12-17 14:38:08,2025-06-28 19:06:19.459240,,
image_491.jpg,JPEG,"(3840, 2160)",2025-06-27 14:34:45.900136,2024-12-17 14:38:14,2025-06-28 19:06:19.459240,,
image_419.jpg,JPEG,"(3840, 2160)",2025-06-27 14:34:45.756136,2024-12-17 14:38:13,2025-06-28 19:06:19.463240,,
image_014.jpg,JPEG,"(3840, 2160)",2025-06-27 14:34:45.256136,2024-12-17 14:38:40,2025-06-28 19:06:19.463240,,
image_621.jpg,JPEG,"(3840, 2160)",2025-06-27 14:34:46.380136,2024-12-17 14:37:59,2025-06-28 19:06:19.463240,,
image_530.jpg,JPEG,"(3840, 2160)",2025-06-27 14:34:46.064136,2024-12-17 14:38:08,2025-06-28 19:06:19.463240,,
image_341.jpg,JPEG,"(3840, 2160)",2025-06-27 14:34:45.684136,2024-12-17 14:38:19,2025-06-28 19:06:19.463240,,
image_521.jpg,JPEG,"(3840, 2160)",2025-06-27 14:34:46.024136,2024-12-17 14:38:06,2025-06-28 19:06:19.463240,,
image_211.jpg,JPEG,"(3840, 2160)",2025-06-27 14:34:45.568136,2024-12-17 14:38:26,2025-06-28 19:06:19.463240,,
image_438.jpg,JPEG,"(3840, 2160)",2025-06-27 14:34:45.804136,2024-12-17 14:38:10,2025-06-28 19:06:19.463240,,
image_619.jpg,JPEG,"(3840, 2160)",2025-06-27 14:34:46.376136,2024-12-17 14:38:00,2025-06-28 19:06:19.463240,,
image_515.jpg,JPEG,"(3840, 2160)",2025-06-27 14:34:46.000136,2024-12-17 14:38:06,2025-06-28 19:06:19.463240,,
image_584.jpg,JPEG,"(3840, 2160)",2025-06-27 14:34:46.300136,2024-12-17 14:38:00,2025-06-28 19:06:19.463240,,
image_507.jpg,JPEG,"(3840, 2160)",2025-06-27 14:34:45.968136,2024-12-17 14:38:07,2025-06-28 19:06:19.463240,,
image_220.jpg,JPEG,"(3840, 2160)",2025-06-27 14:34:45.584136,2024-12-17 14:38:26,2025-06-28 19:06:19.463240,,
image_185.jpg,JPEG,"(3840, 2160)",2025-06-27 14:34:45.520136,2024-12-17 14:38:27,2025-06-28 19:06:19.463240,,
image_615.jpg,JPEG,"(3840, 2160)",2025-06-27 14:34:46.364136,2024-12-17 14:37:59,2025-06-28 19:06:19.467240,,
image_098.jpg,JPEG,"(3840, 2160)",2025-06-27 14:34:45.436136,2024-12-17 14:38:39,2025-06-28 19:06:19.467240,,
image_581.jpg,JPEG,"(3840, 2160)",2025-06-27 14:34:46.288136,2024-12-17 14:38:01,2025-06-28 19:06:19.467240,,
image_342.jpg,JPEG,"(3840, 2160)",2025-06-27 14:34:45.688136,2024-12-17 14:38:20,2025-06-28 19:06:19.467240,,
image_564.jpg,JPEG,"(3840, 2160)",2025-06-27 14:34:46.216136,2024-12-17 14:38:04,2025-06-28 19:06:19.467240,,
image_035.jpg,JPEG,"(3840, 2160)",2025-06-27 14:34:45.276136,2024-12-17 14:38:40,2025-06-28 19:06:19.467240,,
image_074.jpg,JPEG,"(3840, 2160)",2025-06-27 14:34:45.380136,2024-12-17 14:38:39,2025-06-28 19:06:19.467240,,
image_146.jpg,JPEG,"(3840, 2160)",2025-06-27 14:34:45.492136,2024-12-17 14:38:32,2025-06-28 19:06:19.467240,,
image_587.jpg,JPEG,"(3840, 2160)",2025-06-27 14:34:46.312136,2024-12-17 14:38:04,2025-06-28 19:06:19.467240,,
image_546.jpg,JPEG,"(3840, 2160)",2025-06-27 14:34:46.136136,2024-12-17 14:38:07,2025-06-28 19:06:19.467240,,
image_059.jpg,JPEG,"(3840, 2160)",2025-06-27 14:34:45.320136,2024-12-17 14:38:39,2025-06-28 19:06:19.467240,,
image_347.jpg,JPEG,"(3840, 2160)",2025-06-27 14:34:45.708136,2024-12-17 14:38:17,2025-06-28 19:06:19.467240,,
image_364.jpg,JPEG,"(3840, 2160)",2025-06-27 14:34:45.716136,2024-12-17 14:38:17,2025-06-28 19:06:19.467240,,
image_613.jpg,JPEG,"(3840, 2160)",2025-06-27 14:34:46.356136,2024-12-17 14:37:59,2025-06-28 19:06:19.467240,,
image_097.jpg,JPEG,"(3840, 2160)",2025-06-27 14:34:45.432136,2024-12-17 14:38:33,2025-06-28 19:06:19.467240,,
image_529.jpg,JPEG,"(3840, 2160)",2025-06-27 14:34:46.060136,2024-12-17 14:38:07,2025-06-28 19:06:19.467240,,
image_079.jpg,JPEG,"(3840, 2160)",2025-06-27 14:34:45.400136,2024-12-17 14:38:39,2025-06-28 19:06:19.467240,,
image_575.jpg,JPEG,"(3840, 2160)",2025-06-27 14:34:46.264136,2024-12-17 14:38:01,2025-06-28 19:06:19.471240,,
image_058.jpg,JPEG,"(3840, 2160)",2025-06-27 14:34:45.316136,2024-12-17 14:38:39,2025-06-28 19:06:19.471240,,
image_561.jpg,JPEG,"(3840, 2160)",2025-06-27 14:34:46.204136,2024-12-17 14:38:03,2025-06-28 19:06:19.471240,,
image_541.jpg,JPEG,"(3840, 2160)",2025-06-27 14:34:46.112136,2024-12-17 14:38:04,2025-06-28 19:06:19.471240,,
image_577.jpg,JPEG,"(3840, 2160)",2025-06-27 14:34:46.272136,2024-12-17 14:38:04,2025-06-28 19:06:19.471240,,
image_590.jpg,JPEG,"(3840, 2160)",2025-06-27 14:34:46.324136,2024-12-17 14:38:00,2025-06-28 19:06:19.471240,,
image_401.jpg,JPEG,"(3840, 2160)",2025-06-27 14:34:45.736136,2024-12-17 14:38:15,2025-06-28 19:06:19.471240,,
image_187.jpg,JPEG,"(3840, 2160)",2025-06-27 14:34:45.528136,2024-12-17 14:38:29,2025-06-28 19:06:19.471240,,
image_526.jpg,JPEG,"(3840, 2160)",2025-06-27 14:34:46.048136,2024-12-17 14:38:06,2025-06-28 19:06:19.471240,,
image_055.jpg,JPEG,"(3840, 2160)",2025-06-27 14:34:45.304136,2024-12-17 14:38:39,2025-06-28 19:06:19.471240,,
image_067.jpg,JPEG,"(3840, 2160)",2025-06-27 14:34:45.352136,2024-12-17 14:38:38,2025-06-28 19:06:19.471240,,
image_588.jpg,JPEG,"(3840, 2160)",2025-06-27 14:34:46.316136,2024-12-17 14:38:00,2025-06-28 19:06:19.471240,,
image_505.jpg,JPEG,"(3840, 2160)",2025-06-27 14:34:45.960136,2024-12-17 14:38:07,2025-06-28 19:06:19.471240,,
image_524.jpg,JPEG,"(3840, 2160)",2025-06-27 14:34:46.040136,2024-12-17 14:38:07,2025-06-28 19:06:19.471240,,
image_210.jpg,JPEG,"(3840, 2160)",2025-06-27 14:34:45.564136,2024-12-17 14:38:27,2025-06-28 19:06:19.471240,,
image_612.jpg,JPEG,"(3840, 2160)",2025-06-27 14:34:46.348136,2024-12-17 14:37:59,2025-06-28 19:06:19.471240,,
image_618.jpg,JPEG,"(3840, 2160)",2025-06-27 14:34:46.372136,2024-12-17 14:37:59,2025-06-28 19:06:19.471240,,
image_597.jpg,JPEG,"(3840, 2160)",2025-06-27 14:34:46.336136,2024-12-17 14:38:00,2025-06-28 19:06:19.475240,,
image_549.jpg,JPEG,"(3840, 2160)",2025-06-27 14:34:46.148136,2024-12-17 14:38:05,2025-06-28 19:06:19.475240,,
image_500.jpg,JPEG,"(3840, 2160)",2025-06-27 14:34:45.936136,2024-12-17 14:38:08,2025-06-28 19:06:19.475240,,
image_554.jpg,JPEG,"(3840, 2160)",2025-06-27 14:34:46.172136,2024-12-17 14:38:04,2025-06-28 19:06:19.475240,,
image_196.jpg,JPEG,"(3840, 2160)",2025-06-27 14:34:45.548136,2024-12-17 14:38:29,2025-06-28 19:06:19.475240,,
image_563.jpg,JPEG,"(3840, 2160)",2025-06-27 14:34:46.212136,2024-12-17 14:38:04,2025-06-28 19:06:19.475240,,
image_555.jpg,JPEG,"(3840, 2160)",2025-06-27 14:34:46.176136,2024-12-17 14:38:03,2025-06-28 19:06:19.475240,,
image_429.jpg,JPEG,"(3840, 2160)",2025-06-27 14:34:45.764136,2024-12-17 14:38:12,2025-06-28 19:06:19.475240,,
image_506.jpg,JPEG,"(3840, 2160)",2025-06-27 14:34:45.964136,2024-12-17 14:38:07,2025-06-28 19:06:19.475240,,
image_271.jpg,JPEG,"(3840, 2160)",2025-06-27 14:34:45.616136,2024-12-17 14:38:25,2025-06-28 19:06:19.475240,,
image_485.jpg,JPEG,"(3840, 2160)",2025-06-27 14:34:45.876136,2024-12-17 14:38:08,2025-06-28 19:06:19.475240,,
image_439.jpg,JPEG,"(3840, 2160)",2025-06-27 14:34:45.808136,2024-12-17 14:38:12,2025-06-28 19:06:19.475240,,
image_346.jpg,JPEG,"(3840, 2160)",2025-06-27 14:34:45.704136,2024-12-17 14:38:17,2025-06-28 19:06:19.475240,,
image_070.jpg,JPEG,"(3840, 2160)",2025-06-27 14:34:45.364136,2024-12-17 14:38:40,2025-06-28 19:06:19.475240,,
image_517.jpg,JPEG,"(3840, 2160)",2025-06-27 14:34:46.008136,2024-12-17 14:38:07,2025-06-28 19:06:19.475240,,
image_062.jpg,JPEG,"(3840, 2160)",2025-06-27 14:34:45.332136,2024-12-17 14:38:39,2025-06-28 19:06:19.479240,,
image_531.jpg,JPEG,"(3840, 2160)",2025-06-27 14:34:46.068136,2024-12-17 14:38:06,2025-06-28 19:06:19.479240,,
image_071.jpg,JPEG,"(3840, 2160)",2025-06-27 14:34:45.368136,2024-12-17 14:38:38,2025-06-28 19:06:19.479240,,
image_054.jpg,JPEG,"(3840, 2160)",2025-06-27 14:34:45.300136,2024-12-17 14:38:39,2025-06-28 19:06:19.479240,,
image_345.jpg,JPEG,"(3840, 2160)",2025-06-27 14:34:45.700136,2024-12-17 14:38:19,2025-06-28 19:06:19.479240,,
image_467.jpg,JPEG,"(3840, 2160)",2025-06-27 14:34:45.812136,2024-12-17 14:38:09,2025-06-28 19:06:19.479240,,
image_108.jpg,JPEG,"(3840, 2160)",2025-06-27 14:34:45.464136,2024-12-17 14:38:33,2025-06-28 19:06:19.479240,,
image_551.jpg,JPEG,"(3840, 2160)",2025-06-27 14:34:46.160136,2024-12-17 14:38:03,2025-06-28 19:06:19.479240,,
image_511.jpg,JPEG,"(3840, 2160)",2025-06-27 14:34:45.984136,2024-12-17 14:38:07,2025-06-28 19:06:19.479240,,
image_319.jpg,JPEG,"(3840, 2160)",2025-06-27 14:34:45.656136,2024-12-17 14:38:19,2025-06-28 19:06:19.479240,,
image_201.jpg,JPEG,"(3840, 2160)",2025-06-27 14:34:45.552136,2024-12-17 14:38:30,2025-06-28 19:06:19.479240,,
image_109.jpg,JPEG,"(3840, 2160)",2025-06-27 14:34:45.468136,2024-12-17 14:38:32,2025-06-28 19:06:19.479240,,
image_432.jpg,JPEG,"(3840, 2160)",2025-06-27 14:34:45.776136,2024-12-17 14:38:14,2025-06-28 19:06:19.479240,,
image_226.jpg,JPEG,"(3840, 2160)",2025-06-27 14:34:45.596136,2024-12-17 14:38:25,2025-06-28 19:06:19.479240,,
image_147.jpg,JPEG,"(3840, 2160)",2025-06-27 14:34:45.496136,2024-12-17 14:38:36,2025-06-28 19:06:19.483240,,
image_189.jpg,JPEG,"(3840, 2160)",2025-06-27 14:34:45.536136,2024-12-17 14:38:29,2025-06-28 19:06:19.483240,,
image_497.jpg,JPEG,"(3840, 2160)",2025-06-27 14:34:45.924136,2024-12-17 14:38:07,2025-06-28 19:06:19.483240,,
image_470.jpg,JPEG,"(3840, 2160)",2025-06-27 14:34:45.824136,2024-12-17 14:38:10,2025-06-28 19:06:19.483240,,
image_057.jpg,JPEG,"(3840, 2160)",2025-06-27 14:34:45.312136,2024-12-17 14:38:38,2025-06-28 19:06:19.483240,,
image_565.jpg,JPEG,"(3840, 2160)",2025-06-27 14:34:46.220136,2024-12-17 14:38:02,2025-06-28 19:06:19.483240,,
image_063.jpg,JPEG,"(3840, 2160)",2025-06-27 14:34:45.336136,2024-12-17 14:38:39,2025-06-28 19:06:19.483240,,
image_293.jpg,JPEG,"(3840, 2160)",2025-06-27 14:34:45.632136,2024-12-17 14:38:23,2025-06-28 19:06:19.483240,,
image_569.jpg,JPEG,"(3840, 2160)",2025-06-27 14:34:46.236136,2024-12-17 14:38:04,2025-06-28 19:06:19.483240,,
image_099.jpg,JPEG,"(3840, 2160)",2025-06-27 14:34:45.440136,2024-12-17 14:38:39,2025-06-28 19:06:19.483240,,
image_471.jpg,JPEG,"(3840, 2160)",2025-06-27 14:34:45.828136,2024-12-17 14:38:09,2025-06-28 19:06:19.483240,,
image_509.jpg,JPEG,"(3840, 2160)",2025-06-27 14:34:45.976136,2024-12-17 14:38:07,2025-06-28 19:06:19.483240,,
image_311.jpg,JPEG,"(3840, 2160)",2025-06-27 14:34:45.648136,2024-12-17 14:38:20,2025-06-28 19:06:19.483240,,
image_580.jpg,JPEG,"(3840, 2160)",2025-06-27 14:34:46.284136,2024-12-17 14:38:01,2025-06-28 19:06:19.483240,,
image_409.jpg,JPEG,"(3840, 2160)",2025-06-27 14:34:45.748136,2024-12-17 14:38:13,2025-06-28 19:06:19.487240,,
image_535.jpg,JPEG,"(3840, 2160)",2025-06-27 14:34:46.080136,2024-12-17 14:38:06,2025-06-28 19:06:19.487240,,
image_548.jpg,JPEG,"(3840, 2160)",2025-06-27 14:34:46.144136,2024-12-17 14:38:04,2025-06-28 19:06:19.487240,,
image_492.jpg,JPEG,"(3840, 2160)",2025-06-27 14:34:45.904136,2024-12-17 14:38:08,2025-06-28 19:06:19.487240,,
image_048.jpg,JPEG,"(3840, 2160)",2025-06-27 14:34:45.288136,2024-12-17 14:38:39,2025-06-28 19:06:19.487240,,
image_269.jpg,JPEG,"(3840, 2160)",2025-06-27 14:34:45.608136,2024-12-17 14:38:24,2025-06-28 19:06:19.487240,,
image_078.jpg,JPEG,"(3840, 2160)",2025-06-27 14:34:45.396136,2024-12-17 14:38:38,2025-06-28 19:06:19.487240,,
image_218.jpg,JPEG,"(3840, 2160)",2025-06-27 14:34:45.580136,2024-12-17 14:38:29,2025-06-28 19:06:19.487240,,
image_273.jpg,JPEG,"(3840, 2160)",2025-06-27 14:34:45.620136,2024-12-17 14:38:23,2025-06-28 19:06:19.487240,,
image_116.jpg,JPEG,"(3840, 2160)",2025-06-27 14:34:45.476136,2024-12-17 14:38:32,2025-06-28 19:06:19.487240,,
image_552.jpg,JPEG,"(3840, 2160)",2025-06-27 14:34:46.164136,2024-12-17 14:38:03,2025-06-28 19:06:19.487240,,
image_614.jpg,JPEG,"(3840, 2160)",2025-06-27 14:34:46.360136,2024-12-17 14:37:59,2025-06-28 19:06:19.487240,,
image_498.jpg,JPEG,"(3840, 2160)",2025-06-27 14:34:45.928136,2024-12-17 14:38:08,2025-06-28 19:06:19.487240,,
image_310.jpg,JPEG,"(3840, 2160)",2025-06-27 14:34:45.644136,2024-12-17 14:38:20,2025-06-28 19:06:19.487240,,
image_344.jpg,JPEG,"(3840, 2160)",2025-06-27 14:34:45.696136,2024-12-17 14:38:19,2025-06-28 19:06:19.487240,,
image_061.jpg,JPEG,"(3840, 2160)",2025-06-27 14:34:45.328136,2024-12-17 14:38:40,2025-06-28 19:06:19.491240,,
image_482.jpg,JPEG,"(3840, 2160)",2025-06-27 14:34:45.864136,2024-12-17 14:38:08,2025-06-28 19:06:19.491240,,
image_496.jpg,JPEG,"(3840, 2160)",2025-06-27 14:34:45.920136,2024-12-17 14:38:08,2025-06-28 19:06:19.491240,,
image_069.jpg,JPEG,"(3840, 2160)",2025-06-27 14:34:45.360136,2024-12-17 14:38:39,2025-06-28 19:06:19.491240,,
image_151.jpg,JPEG,"(3840, 2160)",2025-06-27 14:34:45.508136,2024-12-17 14:38:31,2025-06-28 19:06:19.491240,,
